/*
 Navicat MySQL Data Transfer

 Source Server         : 2023
 Source Server Type    : MySQL
 Source Server Version : 80026
 Source Host           : localhost:3306
 Source Schema         : myweb

 Target Server Type    : MySQL
 Target Server Version : 80026
 File Encoding         : 65001

 Date: 28/06/2023 08:33:29
*/

SET NAMES utf8mb4;
SET FOREIGN_KEY_CHECKS = 0;

-- ----------------------------
-- Table structure for answer_info
-- ----------------------------
DROP TABLE IF EXISTS `answer_info`;
CREATE TABLE `answer_info` (
                               `id` varchar(50) CHARACTER SET utf8mb4 COLLATE utf8mb4_bin NOT NULL COMMENT 'id',
                               `questionnaire_id` varchar(50) CHARACTER SET utf8mb4 COLLATE utf8mb4_bin NOT NULL,
                               `role_id` varchar(50) CHARACTER SET utf8mb4 COLLATE utf8mb4_bin NOT NULL,
                               `answer_time` datetime DEFAULT NULL,
                               PRIMARY KEY (`id`) USING BTREE
) ENGINE=InnoDB DEFAULT CHARSET=utf8mb4 COLLATE=utf8mb4_bin ROW_FORMAT=DYNAMIC;

-- ----------------------------
-- Records of answer_info
-- ----------------------------
BEGIN;
INSERT INTO `answer_info` VALUES ('1672191013045583874', '1672162070196310018', '1668209171955138565', '2023-06-23 18:33:00');
INSERT INTO `answer_info` VALUES ('1672854394719129602', '1672162070196310018', '1668209171955138565', '2023-06-25 14:29:02');
INSERT INTO `answer_info` VALUES ('1672868319602892802', '1672867599277318146', '1668209171955138565', '2023-06-25 15:24:22');
INSERT INTO `answer_info` VALUES ('1672869350604730370', '1672867599277318146', '1668209171955138565', '2023-06-25 15:28:28');
INSERT INTO `answer_info` VALUES ('1672874644311355394', '1672867599277318146', '1668209171955138565', '2023-06-25 15:49:30');
INSERT INTO `answer_info` VALUES ('1672874950667513857', '1672867599277318146', '1668209171955138565', '2023-06-25 15:50:43');
INSERT INTO `answer_info` VALUES ('1672891550556733442', '1672867599277318146', '1668209171955138565', '2023-06-25 16:56:41');
INSERT INTO `answer_info` VALUES ('1672892356773261313', '1672891893176844290', '1668209171955138565', '2023-06-25 16:59:53');
INSERT INTO `answer_info` VALUES ('1673133010426220545', '1672960714164015106', '1668209171955138565', '2023-06-26 08:56:10');
INSERT INTO `answer_info` VALUES ('1673600760803262465', '1673599854774878209', '1665690267177410562', '2023-06-27 15:54:50');
INSERT INTO `answer_info` VALUES ('1673600804944117762', '1673599854774878209', '1665690267177410562', '2023-06-27 15:55:01');
INSERT INTO `answer_info` VALUES ('1673600832689438721', '1673599854774878209', '1665690267177410562', '2023-06-27 15:55:07');
INSERT INTO `answer_info` VALUES ('1673601789288538114', '1673598982565167105', '1671522606004514818', '2023-06-27 15:58:55');
INSERT INTO `answer_info` VALUES ('1673618380457787393', '1673599854774878209', '1668209171955138561', '2023-06-27 17:04:51');
INSERT INTO `answer_info` VALUES ('1673618513882791937', '1673599854774878209', '1665690267177410562', '2023-06-27 17:05:23');
INSERT INTO `answer_info` VALUES ('1673618629779800066', '1673599854774878209', '1671524555462500354', '2023-06-27 17:05:50');
INSERT INTO `answer_info` VALUES ('1673618743864868866', '1673599854774878209', '1668209171955138565', '2023-06-27 17:06:18');
INSERT INTO `answer_info` VALUES ('1673631172472721410', '1673630912845303809', '1671522606004514818', '2023-06-27 17:55:41');
INSERT INTO `answer_info` VALUES ('1673631348524437505', '1673630912845303809', '1668209171955138561', '2023-06-27 17:56:23');
INSERT INTO `answer_info` VALUES ('1673635887830896642', '1673630912845303809', '1671522606004514818', '2023-06-27 18:14:25');
INSERT INTO `answer_info` VALUES ('1673636112410710017', '1673630912845303809', '1671522606004514818', '2023-06-27 18:15:19');
INSERT INTO `answer_info` VALUES ('1673637204792025090', '1673630912845303809', '1671522606004514818', '2023-06-27 18:19:39');
INSERT INTO `answer_info` VALUES ('1673638308892119041', '1673638072580837377', '1671522606004514818', '2023-06-27 18:24:02');
INSERT INTO `answer_info` VALUES ('1673649164300349441', '1673648287892140033', '1671522606004514818', '2023-06-27 19:07:10');
INSERT INTO `answer_info` VALUES ('1673672733025755138', '1673670511667830786', '1668209171955138561', '2023-06-27 20:40:50');
INSERT INTO `answer_info` VALUES ('1673673033094651905', '1673670511667830786', '1665690267177410562', '2023-06-27 20:42:01');
INSERT INTO `answer_info` VALUES ('1673673169669578754', '1673670511667830786', '1671524555462500354', '2023-06-27 20:42:34');
INSERT INTO `answer_info` VALUES ('1673673202599059458', '1673670511667830786', '1671524555462500354', '2023-06-27 20:42:42');
INSERT INTO `answer_info` VALUES ('1673673297453244417', '1673670511667830786', '1671524555462500354', '2023-06-27 20:43:04');
INSERT INTO `answer_info` VALUES ('1673673779605266433', '1673670511667830786', '1671524555462500354', '2023-06-27 20:44:59');
INSERT INTO `answer_info` VALUES ('1673675888853639170', '1673672198822420482', '1671522606004514818', '2023-06-27 20:53:22');
INSERT INTO `answer_info` VALUES ('1673676192936484865', '1673672198822420482', '1671522606004514818', '2023-06-27 20:54:34');
INSERT INTO `answer_info` VALUES ('1673676302021943298', '1673672198822420482', '1671522606004514818', '2023-06-27 20:55:00');
INSERT INTO `answer_info` VALUES ('1673676347001659393', '1673672198822420482', '1671522606004514818', '2023-06-27 20:55:11');
INSERT INTO `answer_info` VALUES ('1673676391037657089', '1673672198822420482', '1671522606004514818', '2023-06-27 20:55:22');
INSERT INTO `answer_info` VALUES ('1673678075646201858', '1673672468881072129', '1671522606004514818', '2023-06-27 21:02:03');
INSERT INTO `answer_info` VALUES ('1673684242233577474', '1673680743663947777', '1673683703181627393', '2023-06-27 21:26:34');
INSERT INTO `answer_info` VALUES ('1673684314962808833', '1673682807580282881', '1673683782818877442', '2023-06-27 21:26:51');
INSERT INTO `answer_info` VALUES ('1673684378275827713', '1673683164297449473', '1673683782818877442', '2023-06-27 21:27:06');
INSERT INTO `answer_info` VALUES ('1673684442075385858', '1673680743663947777', '1673683831376334849', '2023-06-27 21:27:21');
INSERT INTO `answer_info` VALUES ('1673684515911913473', '1673680743663947777', '1673683893171015682', '2023-06-27 21:27:39');
INSERT INTO `answer_info` VALUES ('1673684561906651138', '1673682807580282881', '1673683893171015682', '2023-06-27 21:27:50');
INSERT INTO `answer_info` VALUES ('1673684626368909313', '1673682807580282881', '1673684012947755009', '2023-06-27 21:28:05');
INSERT INTO `answer_info` VALUES ('1673684654814679042', '1673683164297449473', '1673684012947755009', '2023-06-27 21:28:12');
INSERT INTO `answer_info` VALUES ('1673684781335859201', '1673680743663947777', '1673684012947755009', '2023-06-27 21:28:42');
INSERT INTO `answer_info` VALUES ('1673684810133950466', '1673680743663947777', '1673684012947755009', '2023-06-27 21:28:49');
INSERT INTO `answer_info` VALUES ('1673684894238134274', '1673683164297449473', '1673684012947755009', '2023-06-27 21:29:09');
INSERT INTO `answer_info` VALUES ('1673684944561393666', '1673680743663947777', '1673684012947755009', '2023-06-27 21:29:21');
INSERT INTO `answer_info` VALUES ('1673687415694315521', '1673680743663947777', '1671522606004514818', '2023-06-27 21:39:10');
INSERT INTO `answer_info` VALUES ('1673688119938928642', '1673680743663947777', '1671522606004514818', '2023-06-27 21:41:58');
INSERT INTO `answer_info` VALUES ('1673688275971231745', '1673680743663947777', '1671522606004514818', '2023-06-27 21:42:35');
INSERT INTO `answer_info` VALUES ('1673731771901935618', '1673683164297449473', '1671522606004514818', '2023-06-28 00:35:26');
COMMIT;

-- ----------------------------
-- Table structure for answer_link
-- ----------------------------
DROP TABLE IF EXISTS `answer_link`;
CREATE TABLE `answer_link` (
                               `id` varchar(50) CHARACTER SET utf8mb4 COLLATE utf8mb4_bin NOT NULL,
                               `question_id` varchar(50) CHARACTER SET utf8mb4 COLLATE utf8mb4_bin NOT NULL,
                               `user_id` varchar(50) CHARACTER SET utf8mb4 COLLATE utf8mb4_bin NOT NULL,
                               `answer_id` varchar(50) CHARACTER SET utf8mb4 COLLATE utf8mb4_bin NOT NULL,
                               PRIMARY KEY (`id`) USING BTREE
) ENGINE=InnoDB DEFAULT CHARSET=utf8mb4 COLLATE=utf8mb4_bin ROW_FORMAT=DYNAMIC;

-- ----------------------------
-- Records of answer_link
-- ----------------------------
BEGIN;
INSERT INTO `answer_link` VALUES ('1672191013083332610', '1672162078542974977', '1668209171955138565', '1672191013045583874');
INSERT INTO `answer_link` VALUES ('1672191013280464898', '1672162118766350338', '1668209171955138565', '1672191013045583874');
INSERT INTO `answer_link` VALUES ('1672869350667644930', '1672868198630776833', '1668209171955138565', '1672869350604730370');
INSERT INTO `answer_link` VALUES ('1672869350864777218', '1672868198756605953', '1668209171955138565', '1672869350604730370');
INSERT INTO `answer_link` VALUES ('1672874644395241474', '1672868198630776833', '1668209171955138565', '1672874644311355394');
INSERT INTO `answer_link` VALUES ('1672874644525264897', '1672868198756605953', '1668209171955138565', '1672874644311355394');
INSERT INTO `answer_link` VALUES ('1672874950730428417', '1672868198630776833', '1668209171955138565', '1672874950667513857');
INSERT INTO `answer_link` VALUES ('1672874950856257538', '1672868198756605953', '1668209171955138565', '1672874950667513857');
INSERT INTO `answer_link` VALUES ('1672891550690951169', '1672868198630776833', '1668209171955138565', '1672891550556733442');
INSERT INTO `answer_link` VALUES ('1672891550820974593', '1672868198756605953', '1668209171955138565', '1672891550556733442');
INSERT INTO `answer_link` VALUES ('1672892356957810690', '1672892176757927938', '1668209171955138565', '1672892356773261313');
INSERT INTO `answer_link` VALUES ('1672892357213663233', '1672892176820842498', '1668209171955138565', '1672892356773261313');
INSERT INTO `answer_link` VALUES ('1672892357414989826', '1672892200392830978', '1668209171955138565', '1672892356773261313');
INSERT INTO `answer_link` VALUES ('1673133010547855362', '1672960723039162369', '1668209171955138565', '1673133010426220545');
INSERT INTO `answer_link` VALUES ('1673133010744987649', '1672960770376077313', '1668209171955138565', '1673133010426220545');
INSERT INTO `answer_link` VALUES ('1673600760861982721', '1673599860097449986', '1665690267177410562', '1673600760803262465');
INSERT INTO `answer_link` VALUES ('1673600760895537153', '1673599888090234881', '1665690267177410562', '1673600760803262465');
INSERT INTO `answer_link` VALUES ('1673600804973477890', '1673599860097449986', '1665690267177410562', '1673600804944117762');
INSERT INTO `answer_link` VALUES ('1673600805011226626', '1673599888090234881', '1665690267177410562', '1673600804944117762');
INSERT INTO `answer_link` VALUES ('1673600832710410242', '1673599860097449986', '1665690267177410562', '1673600832689438721');
INSERT INTO `answer_link` VALUES ('1673600832735576066', '1673599888090234881', '1665690267177410562', '1673600832689438721');
INSERT INTO `answer_link` VALUES ('1673601789351452674', '1673598987401199618', '1671522606004514818', '1673601789288538114');
INSERT INTO `answer_link` VALUES ('1673601789397590017', '1673599039087607810', '1671522606004514818', '1673601789288538114');
INSERT INTO `answer_link` VALUES ('1673618380499730433', '1673599860097449986', '1668209171955138561', '1673618380457787393');
INSERT INTO `answer_link` VALUES ('1673618380529090561', '1673599888090234881', '1668209171955138561', '1673618380457787393');
INSERT INTO `answer_link` VALUES ('1673618380541673474', '1673599888090234881', '1668209171955138561', '1673618380457787393');
INSERT INTO `answer_link` VALUES ('1673618513912152065', '1673599860097449986', '1665690267177410562', '1673618513882791937');
INSERT INTO `answer_link` VALUES ('1673618513937317889', '1673599888090234881', '1665690267177410562', '1673618513882791937');
INSERT INTO `answer_link` VALUES ('1673618629813354497', '1673599860097449986', '1671524555462500354', '1673618629779800066');
INSERT INTO `answer_link` VALUES ('1673618629855297537', '1673599888090234881', '1671524555462500354', '1673618629779800066');
INSERT INTO `answer_link` VALUES ('1673618743885840386', '1673599860097449986', '1668209171955138565', '1673618743864868866');
INSERT INTO `answer_link` VALUES ('1673618743923589122', '1673599888090234881', '1668209171955138565', '1673618743864868866');
INSERT INTO `answer_link` VALUES ('1673618743957143554', '1673599888090234881', '1668209171955138565', '1673618743864868866');
INSERT INTO `answer_link` VALUES ('1673631172531441665', '1673630947699970049', '1671522606004514818', '1673631172472721410');
INSERT INTO `answer_link` VALUES ('1673631172569190402', '1673630947762884610', '1671522606004514818', '1673631172472721410');
INSERT INTO `answer_link` VALUES ('1673631172606939138', '1673630947762884610', '1671522606004514818', '1673631172472721410');
INSERT INTO `answer_link` VALUES ('1673631348549603330', '1673630947699970049', '1668209171955138561', '1673631348524437505');
INSERT INTO `answer_link` VALUES ('1673631348591546370', '1673630947762884610', '1668209171955138561', '1673631348524437505');
INSERT INTO `answer_link` VALUES ('1673635887956725762', '1673630947699970049', '1671522606004514818', '1673635887830896642');
INSERT INTO `answer_link` VALUES ('1673635888011251713', '1673630947762884610', '1671522606004514818', '1673635887830896642');
INSERT INTO `answer_link` VALUES ('1673636112448458753', '1673630947699970049', '1671522606004514818', '1673636112410710017');
INSERT INTO `answer_link` VALUES ('1673636112498790401', '1673630947762884610', '1671522606004514818', '1673636112410710017');
INSERT INTO `answer_link` VALUES ('1673637204880105473', '1673630947699970049', '1671522606004514818', '1673637204792025090');
INSERT INTO `answer_link` VALUES ('1673637204930437121', '1673630947762884610', '1671522606004514818', '1673637204792025090');
INSERT INTO `answer_link` VALUES ('1673638308980199426', '1673638096819720193', '1671522606004514818', '1673638308892119041');
INSERT INTO `answer_link` VALUES ('1673638309038919682', '1673638096882634754', '1671522606004514818', '1673638308892119041');
INSERT INTO `answer_link` VALUES ('1673649164350681090', '1673648368267587585', '1671522606004514818', '1673649164300349441');
INSERT INTO `answer_link` VALUES ('1673649164392624129', '1673648492905525250', '1671522606004514818', '1673649164300349441');
INSERT INTO `answer_link` VALUES ('1673649164409401345', '1673648592801263617', '1671522606004514818', '1673649164300349441');
INSERT INTO `answer_link` VALUES ('1673672733101252610', '1673670542445633537', '1668209171955138561', '1673672733025755138');
INSERT INTO `answer_link` VALUES ('1673672733155778562', '1673670542491770881', '1668209171955138561', '1673672733025755138');
INSERT INTO `answer_link` VALUES ('1673673033119817730', '1673670542445633537', '1665690267177410562', '1673673033094651905');
INSERT INTO `answer_link` VALUES ('1673673033140789249', '1673670542491770881', '1665690267177410562', '1673673033094651905');
INSERT INTO `answer_link` VALUES ('1673673169690550273', '1673670542445633537', '1671524555462500354', '1673673169669578754');
INSERT INTO `answer_link` VALUES ('1673673169711521793', '1673670542491770881', '1671524555462500354', '1673673169669578754');
INSERT INTO `answer_link` VALUES ('1673673202620030978', '1673670542445633537', '1671524555462500354', '1673673202599059458');
INSERT INTO `answer_link` VALUES ('1673673202641002498', '1673670542491770881', '1671524555462500354', '1673673202599059458');
INSERT INTO `answer_link` VALUES ('1673673297478410241', '1673670542445633537', '1671524555462500354', '1673673297453244417');
INSERT INTO `answer_link` VALUES ('1673673297516158978', '1673670542491770881', '1671524555462500354', '1673673297453244417');
INSERT INTO `answer_link` VALUES ('1673673779617849345', '1673670542445633537', '1671524555462500354', '1673673779605266433');
INSERT INTO `answer_link` VALUES ('1673673779630432258', '1673670542491770881', '1671524555462500354', '1673673779605266433');
INSERT INTO `answer_link` VALUES ('1673675888878804994', '1673672226571935745', '1671522606004514818', '1673675888853639170');
INSERT INTO `answer_link` VALUES ('1673675888895582209', '1673672226613878785', '1671522606004514818', '1673675888853639170');
INSERT INTO `answer_link` VALUES ('1673676192961650690', '1673672226571935745', '1671522606004514818', '1673676192936484865');
INSERT INTO `answer_link` VALUES ('1673676192982622210', '1673672226613878785', '1671522606004514818', '1673676192936484865');
INSERT INTO `answer_link` VALUES ('1673676302042914817', '1673672226571935745', '1671522606004514818', '1673676302021943298');
INSERT INTO `answer_link` VALUES ('1673676302063886338', '1673672226613878785', '1671522606004514818', '1673676302021943298');
INSERT INTO `answer_link` VALUES ('1673676302084857858', '1673672226613878785', '1671522606004514818', '1673676302021943298');
INSERT INTO `answer_link` VALUES ('1673676347026825217', '1673672226571935745', '1671522606004514818', '1673676347001659393');
INSERT INTO `answer_link` VALUES ('1673676347047796737', '1673672226613878785', '1671522606004514818', '1673676347001659393');
INSERT INTO `answer_link` VALUES ('1673676391058628609', '1673672226571935745', '1671522606004514818', '1673676391037657089');
INSERT INTO `answer_link` VALUES ('1673676391075405825', '1673672226613878785', '1671522606004514818', '1673676391037657089');
INSERT INTO `answer_link` VALUES ('1673676391092183042', '1673672226613878785', '1671522606004514818', '1673676391037657089');
INSERT INTO `answer_link` VALUES ('1673678075713310722', '1673672490733395970', '1671522606004514818', '1673678075646201858');
INSERT INTO `answer_link` VALUES ('1673678075763642370', '1673672490783727617', '1671522606004514818', '1673678075646201858');
INSERT INTO `answer_link` VALUES ('1673684242254548993', '1673680985398464514', '1673683703181627393', '1673684242233577474');
INSERT INTO `answer_link` VALUES ('1673684242271326209', '1673682393879302145', '1673683703181627393', '1673684242233577474');
INSERT INTO `answer_link` VALUES ('1673684314983780353', '1673682813787852801', '1673683782818877442', '1673684314962808833');
INSERT INTO `answer_link` VALUES ('1673684315013140481', '1673682916191784961', '1673683782818877442', '1673684314962808833');
INSERT INTO `answer_link` VALUES ('1673684378292604929', '1673683170291109890', '1673683782818877442', '1673684378275827713');
INSERT INTO `answer_link` VALUES ('1673684378309382145', '1673683281716989953', '1673683782818877442', '1673684378275827713');
INSERT INTO `answer_link` VALUES ('1673684442092163073', '1673680985398464514', '1673683831376334849', '1673684442075385858');
INSERT INTO `answer_link` VALUES ('1673684442108940289', '1673682393879302145', '1673683831376334849', '1673684442075385858');
INSERT INTO `answer_link` VALUES ('1673684515932884994', '1673680985398464514', '1673683893171015682', '1673684515911913473');
INSERT INTO `answer_link` VALUES ('1673684515949662209', '1673682393879302145', '1673683893171015682', '1673684515911913473');
INSERT INTO `answer_link` VALUES ('1673684561931816962', '1673682813787852801', '1673683893171015682', '1673684561906651138');
INSERT INTO `answer_link` VALUES ('1673684561948594177', '1673682916191784961', '1673683893171015682', '1673684561906651138');
INSERT INTO `answer_link` VALUES ('1673684626385686530', '1673682813787852801', '1673684012947755009', '1673684626368909313');
INSERT INTO `answer_link` VALUES ('1673684626398269441', '1673682916191784961', '1673684012947755009', '1673684626368909313');
INSERT INTO `answer_link` VALUES ('1673684654831456257', '1673683170291109890', '1673684012947755009', '1673684654814679042');
INSERT INTO `answer_link` VALUES ('1673684654856622081', '1673683281716989953', '1673684012947755009', '1673684654814679042');
INSERT INTO `answer_link` VALUES ('1673684781356830721', '1673680985398464514', '1673684012947755009', '1673684781335859201');
INSERT INTO `answer_link` VALUES ('1673684781377802241', '1673682393879302145', '1673684012947755009', '1673684781335859201');
INSERT INTO `answer_link` VALUES ('1673684810150727682', '1673680985398464514', '1673684012947755009', '1673684810133950466');
INSERT INTO `answer_link` VALUES ('1673684810167504897', '1673682393879302145', '1673684012947755009', '1673684810133950466');
INSERT INTO `answer_link` VALUES ('1673684894254911490', '1673683170291109890', '1673684012947755009', '1673684894238134274');
INSERT INTO `answer_link` VALUES ('1673684894271688706', '1673683281716989953', '1673684012947755009', '1673684894238134274');
INSERT INTO `answer_link` VALUES ('1673684944578170881', '1673680985398464514', '1673684012947755009', '1673684944561393666');
INSERT INTO `answer_link` VALUES ('1673684944603336705', '1673682393879302145', '1673684012947755009', '1673684944561393666');
INSERT INTO `answer_link` VALUES ('1673687415715287042', '1673680985398464514', '1671522606004514818', '1673687415694315521');
INSERT INTO `answer_link` VALUES ('1673687415727869954', '1673682393879302145', '1671522606004514818', '1673687415694315521');
INSERT INTO `answer_link` VALUES ('1673688119955705857', '1673680985398464514', '1671522606004514818', '1673688119938928642');
INSERT INTO `answer_link` VALUES ('1673688119972483074', '1673682393879302145', '1671522606004514818', '1673688119938928642');
INSERT INTO `answer_link` VALUES ('1673688275992203265', '1673680985398464514', '1671522606004514818', '1673688275971231745');
INSERT INTO `answer_link` VALUES ('1673688276013174785', '1673682393879302145', '1671522606004514818', '1673688275971231745');
INSERT INTO `answer_link` VALUES ('1673731772006793218', '1673683170291109890', '1671522606004514818', '1673731771901935618');
INSERT INTO `answer_link` VALUES ('1673731772044541953', '1673683281716989953', '1671522606004514818', '1673731771901935618');
COMMIT;

-- ----------------------------
-- Table structure for chosen_answer
-- ----------------------------
DROP TABLE IF EXISTS `chosen_answer`;
CREATE TABLE `chosen_answer` (
                                 `id` varchar(50) CHARACTER SET utf8mb4 COLLATE utf8mb4_bin NOT NULL,
                                 `link_id` varchar(50) CHARACTER SET utf8mb4 COLLATE utf8mb4_bin NOT NULL,
                                 `option_id` varchar(50) CHARACTER SET utf8mb4 COLLATE utf8mb4_bin NOT NULL,
                                 PRIMARY KEY (`id`) USING BTREE
) ENGINE=InnoDB DEFAULT CHARSET=utf8mb4 COLLATE=utf8mb4_bin ROW_FORMAT=DYNAMIC;

-- ----------------------------
-- Records of chosen_answer
-- ----------------------------
BEGIN;
INSERT INTO `chosen_answer` VALUES ('1672191013150441473', '1672191013083332610', '1672162102693777409');
INSERT INTO `chosen_answer` VALUES ('1672191013347573762', '1672191013280464898', '1672162142661300226');
INSERT INTO `chosen_answer` VALUES ('1672869350730559490', '1672869350667644930', '1672868207589810181');
INSERT INTO `chosen_answer` VALUES ('1672869350923497473', '1672869350864777218', '1672868216347516929');
INSERT INTO `chosen_answer` VALUES ('1672874644462350337', '1672874644395241474', '1672868207589810178');
INSERT INTO `chosen_answer` VALUES ('1672874644592373761', '1672874644525264897', '1672868216347516930');
INSERT INTO `chosen_answer` VALUES ('1672874950793342978', '1672874950730428417', '1672868207589810178');
INSERT INTO `chosen_answer` VALUES ('1672874950923366401', '1672874950856257538', '1672868216347516929');
INSERT INTO `chosen_answer` VALUES ('1672891550758060034', '1672891550690951169', '1672868207589810179');
INSERT INTO `chosen_answer` VALUES ('1672891550883889154', '1672891550820974593', '1672868216347516930');
INSERT INTO `chosen_answer` VALUES ('1672892357020725249', '1672892356957810690', '1672892185142341634');
INSERT INTO `chosen_answer` VALUES ('1672892357280772098', '1672892357213663233', '1672892193354788866');
INSERT INTO `chosen_answer` VALUES ('1672892357482098689', '1672892357414989826', '1672892238389030913');
INSERT INTO `chosen_answer` VALUES ('1673133010614964225', '1673133010547855362', '1672960827376668673');
INSERT INTO `chosen_answer` VALUES ('1673133011273469953', '1673133010744987649', '1672960835656224769');
INSERT INTO `chosen_answer` VALUES ('1673600760866177025', '1673600760861982721', '1673599880867643394');
INSERT INTO `chosen_answer` VALUES ('1673600760899731458', '1673600760895537153', '1673599913226698753');
INSERT INTO `chosen_answer` VALUES ('1673600804981866497', '1673600804973477890', '1673599880867643395');
INSERT INTO `chosen_answer` VALUES ('1673600805011226627', '1673600805011226626', '1673599913222504450');
INSERT INTO `chosen_answer` VALUES ('1673600832714604545', '1673600832710410242', '1673599880867643395');
INSERT INTO `chosen_answer` VALUES ('1673600832743964674', '1673600832735576066', '1673599913222504450');
INSERT INTO `chosen_answer` VALUES ('1673601789376618498', '1673601789351452674', '1673599029692366849');
INSERT INTO `chosen_answer` VALUES ('1673601789401784322', '1673601789397590017', '1673599095672963073');
INSERT INTO `chosen_answer` VALUES ('1673618380516507650', '1673618380499730433', '1673599880867643394');
INSERT INTO `chosen_answer` VALUES ('1673618380533284866', '1673618380529090561', '1673599913222504450');
INSERT INTO `chosen_answer` VALUES ('1673618380545867778', '1673618380541673474', '1673599913226698753');
INSERT INTO `chosen_answer` VALUES ('1673618513916346370', '1673618513912152065', '1673599880867643395');
INSERT INTO `chosen_answer` VALUES ('1673618513945706497', '1673618513937317889', '1673599913222504450');
INSERT INTO `chosen_answer` VALUES ('1673618629825937409', '1673618629813354497', '1673599880867643394');
INSERT INTO `chosen_answer` VALUES ('1673618629859491842', '1673618629855297537', '1673599913226698753');
INSERT INTO `chosen_answer` VALUES ('1673618743898423298', '1673618743885840386', '1673599880867643395');
INSERT INTO `chosen_answer` VALUES ('1673618743931977730', '1673618743923589122', '1673599913222504450');
INSERT INTO `chosen_answer` VALUES ('1673618743961337858', '1673618743957143554', '1673599913226698753');
INSERT INTO `chosen_answer` VALUES ('1673631172539830273', '1673631172531441665', '1673631012971728897');
INSERT INTO `chosen_answer` VALUES ('1673631172581773313', '1673631172569190402', '1673630992893595650');
INSERT INTO `chosen_answer` VALUES ('1673631172615327746', '1673631172606939138', '1673630992897789953');
INSERT INTO `chosen_answer` VALUES ('1673631348557991937', '1673631348549603330', '1673631012975923202');
INSERT INTO `chosen_answer` VALUES ('1673631348595740673', '1673631348591546370', '1673630992893595650');
INSERT INTO `chosen_answer` VALUES ('1673635887981891585', '1673635887956725762', '1673631012975923202');
INSERT INTO `chosen_answer` VALUES ('1673635888015446017', '1673635888011251713', '1673630992893595650');
INSERT INTO `chosen_answer` VALUES ('1673636112456847362', '1673636112448458753', '1673631012975923202');
INSERT INTO `chosen_answer` VALUES ('1673636112507179010', '1673636112498790401', '1673630992897789953');
INSERT INTO `chosen_answer` VALUES ('1673637204905271298', '1673637204880105473', '1673631012975923202');
INSERT INTO `chosen_answer` VALUES ('1673637204934631426', '1673637204930437121', '1673630992893595650');
INSERT INTO `chosen_answer` VALUES ('1673638309013753857', '1673638308980199426', '1673638107037044738');
INSERT INTO `chosen_answer` VALUES ('1673638309047308290', '1673638309038919682', '1673638119821283330');
INSERT INTO `chosen_answer` VALUES ('1673649164371652610', '1673649164350681090', '1673648669393448962');
INSERT INTO `chosen_answer` VALUES ('1673649164396818433', '1673649164392624129', '1673648663575949314');
INSERT INTO `chosen_answer` VALUES ('1673649164413595649', '1673649164409401345', '1673648656454021121');
INSERT INTO `chosen_answer` VALUES ('1673672733134807041', '1673672733101252610', '1673670549802442754');
INSERT INTO `chosen_answer` VALUES ('1673672733159972865', '1673672733155778562', '1673670556513329153');
INSERT INTO `chosen_answer` VALUES ('1673673033124012033', '1673673033119817730', '1673670549802442756');
INSERT INTO `chosen_answer` VALUES ('1673673033140789250', '1673673033140789249', '1673670556509134850');
INSERT INTO `chosen_answer` VALUES ('1673673169690550274', '1673673169690550273', '1673670549802442753');
INSERT INTO `chosen_answer` VALUES ('1673673169715716098', '1673673169711521793', '1673670556509134850');
INSERT INTO `chosen_answer` VALUES ('1673673202624225282', '1673673202620030978', '1673670549802442756');
INSERT INTO `chosen_answer` VALUES ('1673673202645196802', '1673673202641002498', '1673670556513329153');
INSERT INTO `chosen_answer` VALUES ('1673673297495187457', '1673673297478410241', '1673670549802442756');
INSERT INTO `chosen_answer` VALUES ('1673673297520353282', '1673673297516158978', '1673670556509134850');
INSERT INTO `chosen_answer` VALUES ('1673673779622043649', '1673673779617849345', '1673670549802442755');
INSERT INTO `chosen_answer` VALUES ('1673673779634626561', '1673673779630432258', '1673670556509134850');
INSERT INTO `chosen_answer` VALUES ('1673675888878804995', '1673675888878804994', '1673672235128315906');
INSERT INTO `chosen_answer` VALUES ('1673675888895582210', '1673675888895582209', '1673672243164602369');
INSERT INTO `chosen_answer` VALUES ('1673676192965844994', '1673676192961650690', '1673672235132510211');
INSERT INTO `chosen_answer` VALUES ('1673676192986816513', '1673676192982622210', '1673672243164602369');
INSERT INTO `chosen_answer` VALUES ('1673676302047109122', '1673676302042914817', '1673672235132510210');
INSERT INTO `chosen_answer` VALUES ('1673676302068080642', '1673676302063886338', '1673672243164602369');
INSERT INTO `chosen_answer` VALUES ('1673676302089052162', '1673676302084857858', '1673672243164602370');
INSERT INTO `chosen_answer` VALUES ('1673676347031019522', '1673676347026825217', '1673672235128315905');
INSERT INTO `chosen_answer` VALUES ('1673676347051991041', '1673676347047796737', '1673672243164602369');
INSERT INTO `chosen_answer` VALUES ('1673676391062822913', '1673676391058628609', '1673672235132510211');
INSERT INTO `chosen_answer` VALUES ('1673676391079600130', '1673676391075405825', '1673672243164602369');
INSERT INTO `chosen_answer` VALUES ('1673676391096377345', '1673676391092183042', '1673672243164602370');
INSERT INTO `chosen_answer` VALUES ('1673678075742670850', '1673678075713310722', '1673672504058699777');
INSERT INTO `chosen_answer` VALUES ('1673678075772030977', '1673678075763642370', '1673672511046410241');
INSERT INTO `chosen_answer` VALUES ('1673684242258743298', '1673684242254548993', '1673682321959571458');
INSERT INTO `chosen_answer` VALUES ('1673684242275520513', '1673684242271326209', '1673682514331324417');
INSERT INTO `chosen_answer` VALUES ('1673684314983780354', '1673684314983780353', '1673682904330293249');
INSERT INTO `chosen_answer` VALUES ('1673684315021529090', '1673684315013140481', '1673682977734807554');
INSERT INTO `chosen_answer` VALUES ('1673684378296799233', '1673684378292604929', '1673683269016637441');
INSERT INTO `chosen_answer` VALUES ('1673684378317770753', '1673684378309382145', '1673683342555369474');
INSERT INTO `chosen_answer` VALUES ('1673684442092163074', '1673684442092163073', '1673682321959571459');
INSERT INTO `chosen_answer` VALUES ('1673684442113134594', '1673684442108940289', '1673682514331324417');
INSERT INTO `chosen_answer` VALUES ('1673684515937079298', '1673684515932884994', '1673682321959571460');
INSERT INTO `chosen_answer` VALUES ('1673684515953856514', '1673684515949662209', '1673682514331324417');
INSERT INTO `chosen_answer` VALUES ('1673684561931816963', '1673684561931816962', '1673682904334487555');
INSERT INTO `chosen_answer` VALUES ('1673684561948594178', '1673684561948594177', '1673682977739001857');
INSERT INTO `chosen_answer` VALUES ('1673684626385686531', '1673684626385686530', '1673682904334487554');
INSERT INTO `chosen_answer` VALUES ('1673684626402463746', '1673684626398269441', '1673682977734807554');
INSERT INTO `chosen_answer` VALUES ('1673684654835650561', '1673684654831456257', '1673683269020831747');
INSERT INTO `chosen_answer` VALUES ('1673684654860816386', '1673684654856622081', '1673683342555369474');
INSERT INTO `chosen_answer` VALUES ('1673684781361025026', '1673684781356830721', '1673682321959571458');
INSERT INTO `chosen_answer` VALUES ('1673684781377802242', '1673684781377802241', '1673682514331324417');
INSERT INTO `chosen_answer` VALUES ('1673684810154921985', '1673684810150727682', '1673682321959571458');
INSERT INTO `chosen_answer` VALUES ('1673684810171699202', '1673684810167504897', '1673682514331324417');
INSERT INTO `chosen_answer` VALUES ('1673684894259105793', '1673684894254911490', '1673683269020831747');
INSERT INTO `chosen_answer` VALUES ('1673684894275883010', '1673684894271688706', '1673683342555369474');
INSERT INTO `chosen_answer` VALUES ('1673684944586559489', '1673684944578170881', '1673682321959571458');
INSERT INTO `chosen_answer` VALUES ('1673684944607531009', '1673684944603336705', '1673682514331324417');
INSERT INTO `chosen_answer` VALUES ('1673687415715287043', '1673687415715287042', '1673682321959571458');
INSERT INTO `chosen_answer` VALUES ('1673687415732064258', '1673687415727869954', '1673682514331324417');
INSERT INTO `chosen_answer` VALUES ('1673688119959900162', '1673688119955705857', '1673682321959571458');
INSERT INTO `chosen_answer` VALUES ('1673688119976677377', '1673688119972483074', '1673682514331324418');
INSERT INTO `chosen_answer` VALUES ('1673688275996397570', '1673688275992203265', '1673682321967960065');
INSERT INTO `chosen_answer` VALUES ('1673688276013174786', '1673688276013174785', '1673682514331324418');
INSERT INTO `chosen_answer` VALUES ('1673731772027764737', '1673731772006793218', '1673683269016637441');
INSERT INTO `chosen_answer` VALUES ('1673731772048736258', '1673731772044541953', '1673683342551175169');
COMMIT;

-- ----------------------------
-- Table structure for option_info
-- ----------------------------
DROP TABLE IF EXISTS `option_info`;
CREATE TABLE `option_info` (
                               `id` varchar(50) CHARACTER SET utf8mb4 COLLATE utf8mb4_bin NOT NULL,
                               `choose_term` varchar(255) CHARACTER SET utf8mb4 COLLATE utf8mb4_bin DEFAULT NULL,
                               `question_id` varchar(50) CHARACTER SET utf8mb4 COLLATE utf8mb4_bin NOT NULL,
                               `score` int DEFAULT NULL,
                               `person_count` int NOT NULL DEFAULT '0',
                               `link_question_id` varchar(50) CHARACTER SET utf8mb4 COLLATE utf8mb4_bin DEFAULT NULL,
                               PRIMARY KEY (`id`) USING BTREE
) ENGINE=InnoDB DEFAULT CHARSET=utf8mb4 COLLATE=utf8mb4_bin ROW_FORMAT=DYNAMIC;

-- ----------------------------
-- Records of option_info
-- ----------------------------
BEGIN;
INSERT INTO `option_info` VALUES ('1', 'A', '1', NULL, 0, NULL);
INSERT INTO `option_info` VALUES ('1671556331501129730', 'aaa', '1671556305706160129', NULL, 0, NULL);
INSERT INTO `option_info` VALUES ('1672162102693777409', 'bbbb', '1672162078542974977', NULL, 0, NULL);
INSERT INTO `option_info` VALUES ('1672162142661300226', 'dddd', '1672162118766350338', NULL, 0, NULL);
INSERT INTO `option_info` VALUES ('1672276848659087362', 'aaa', '1672276830950735874', NULL, 0, NULL);
INSERT INTO `option_info` VALUES ('1672868207589810178', '测试1', '1672868198630776833', NULL, 0, NULL);
INSERT INTO `option_info` VALUES ('1672868207589810179', '测试2', '1672868198630776833', NULL, 1, NULL);
INSERT INTO `option_info` VALUES ('1672868207589810180', '测试3', '1672868198630776833', NULL, 0, NULL);
INSERT INTO `option_info` VALUES ('1672868207589810181', '测试4', '1672868198630776833', NULL, 0, NULL);
INSERT INTO `option_info` VALUES ('1672868216347516929', '西瓜', '1672868198756605953', NULL, 0, NULL);
INSERT INTO `option_info` VALUES ('1672868216347516930', '橘子', '1672868198756605953', NULL, 1, NULL);
INSERT INTO `option_info` VALUES ('1672892185142341633', '测试1', '1672892176757927938', NULL, 0, NULL);
INSERT INTO `option_info` VALUES ('1672892185142341634', '测试2', '1672892176757927938', NULL, 1, NULL);
INSERT INTO `option_info` VALUES ('1672892185142341635', '测试3', '1672892176757927938', NULL, 0, NULL);
INSERT INTO `option_info` VALUES ('1672892185142341636', '测试4', '1672892176757927938', NULL, 0, NULL);
INSERT INTO `option_info` VALUES ('1672892193354788866', '西瓜', '1672892176820842498', NULL, 1, NULL);
INSERT INTO `option_info` VALUES ('1672892193354788867', '橘子', '1672892176820842498', NULL, 0, NULL);
INSERT INTO `option_info` VALUES ('1672892238389030913', 'aaa', '1672892200392830978', NULL, 1, NULL);
INSERT INTO `option_info` VALUES ('1672892238389030914', 'bbb', '1672892200392830978', NULL, 0, NULL);
INSERT INTO `option_info` VALUES ('1672934648741543938', 'aaaaa', '1672934615375855617', NULL, 0, NULL);
INSERT INTO `option_info` VALUES ('1672934666852548609', 'bbb', '1672934544731193346', NULL, 0, '1672934615375855617');
INSERT INTO `option_info` VALUES ('1672960827376668673', 'who', '1672960723039162369', NULL, 1, '1672960770376077313');
INSERT INTO `option_info` VALUES ('1672960827376668674', 'zzzz', '1672960723039162369', NULL, 0, NULL);
INSERT INTO `option_info` VALUES ('1672960835656224769', 'when', '1672960770376077313', NULL, 1, NULL);
INSERT INTO `option_info` VALUES ('1673592315786067970', '456', '1673592272458907649', NULL, 0, NULL);
INSERT INTO `option_info` VALUES ('1673592315794456577', '3455', '1673592272458907649', NULL, 0, NULL);
INSERT INTO `option_info` VALUES ('1673592315798650882', '78', '1673592272458907649', NULL, 0, NULL);
INSERT INTO `option_info` VALUES ('1673592387911319553', '', '1673592335432187906', NULL, 0, NULL);
INSERT INTO `option_info` VALUES ('1673592494111096834', '选项1', '1673592402603966466', NULL, 0, NULL);
INSERT INTO `option_info` VALUES ('1673592494115291137', '选项2', '1673592402603966466', NULL, 0, NULL);
INSERT INTO `option_info` VALUES ('1673592573488300034', '选项文字', '1673592506694008833', NULL, 0, NULL);
INSERT INTO `option_info` VALUES ('1673592573496688641', 'sss', '1673592506694008833', NULL, 0, NULL);
INSERT INTO `option_info` VALUES ('1673594921795223554', '123', '1673594890929340418', NULL, 0, NULL);
INSERT INTO `option_info` VALUES ('1673594921799417857', '234', '1673594890929340418', NULL, 0, NULL);
INSERT INTO `option_info` VALUES ('1673594921799417858', '345', '1673594890929340418', NULL, 0, NULL);
INSERT INTO `option_info` VALUES ('1673599029688172545', 'a', '1673598987401199618', NULL, 0, NULL);
INSERT INTO `option_info` VALUES ('1673599029692366849', 'b', '1673598987401199618', NULL, 1, NULL);
INSERT INTO `option_info` VALUES ('1673599095668768769', 'q', '1673599039087607810', NULL, 0, NULL);
INSERT INTO `option_info` VALUES ('1673599095672963073', 'e', '1673599039087607810', NULL, 1, NULL);
INSERT INTO `option_info` VALUES ('1673599172130930690', '', '1673599127167991809', NULL, 0, NULL);
INSERT INTO `option_info` VALUES ('1673599880867643394', '12', '1673599860097449986', NULL, 3, NULL);
INSERT INTO `option_info` VALUES ('1673599880867643395', '13', '1673599860097449986', NULL, 4, NULL);
INSERT INTO `option_info` VALUES ('1673599913222504450', '56', '1673599888090234881', NULL, 5, NULL);
INSERT INTO `option_info` VALUES ('1673599913226698753', '67', '1673599888090234881', NULL, 4, NULL);
INSERT INTO `option_info` VALUES ('1673599949222215681', '', '1673599931375452162', NULL, 0, NULL);
INSERT INTO `option_info` VALUES ('1673600193104216066', '1', '1673600133322801154', NULL, 0, NULL);
INSERT INTO `option_info` VALUES ('1673600193108410370', '2', '1673600133322801154', NULL, 0, NULL);
INSERT INTO `option_info` VALUES ('1673600193108410371', '3', '1673600133322801154', NULL, 0, NULL);
INSERT INTO `option_info` VALUES ('1673600265455960065', 'er', '1673600219792572417', NULL, 0, NULL);
INSERT INTO `option_info` VALUES ('1673600265455960066', '45', '1673600219792572417', NULL, 0, NULL);
INSERT INTO `option_info` VALUES ('1673630992893595650', '唯科学主义', '1673630947762884610', NULL, 4, NULL);
INSERT INTO `option_info` VALUES ('1673630992897789953', '人本主义', '1673630947762884610', NULL, 2, NULL);
INSERT INTO `option_info` VALUES ('1673631012967534593', '测试1', '1673630947699970049', NULL, 0, NULL);
INSERT INTO `option_info` VALUES ('1673631012971728897', '测试2', '1673630947699970049', NULL, 1, NULL);
INSERT INTO `option_info` VALUES ('1673631012975923201', '测试3', '1673630947699970049', NULL, 0, NULL);
INSERT INTO `option_info` VALUES ('1673631012975923202', '测试4', '1673630947699970049', NULL, 4, NULL);
INSERT INTO `option_info` VALUES ('1673638107020267521', '测试1', '1673638096819720193', NULL, 0, NULL);
INSERT INTO `option_info` VALUES ('1673638107028656129', '测试2', '1673638096819720193', NULL, 0, NULL);
INSERT INTO `option_info` VALUES ('1673638107032850434', '测试3', '1673638096819720193', NULL, 0, NULL);
INSERT INTO `option_info` VALUES ('1673638107037044738', '测试4', '1673638096819720193', NULL, 1, NULL);
INSERT INTO `option_info` VALUES ('1673638119812894721', '唯科学主义', '1673638096882634754', NULL, 0, NULL);
INSERT INTO `option_info` VALUES ('1673638119821283330', '人本主义', '1673638096882634754', NULL, 1, NULL);
INSERT INTO `option_info` VALUES ('1673644808771481602', 'A', '1673644744384720898', NULL, 0, NULL);
INSERT INTO `option_info` VALUES ('1673644808788258818', 'B', '1673644744384720898', NULL, 0, NULL);
INSERT INTO `option_info` VALUES ('1673644808792453121', 'C', '1673644744384720898', NULL, 0, NULL);
INSERT INTO `option_info` VALUES ('1673644808796647426', 'D', '1673644744384720898', NULL, 0, NULL);
INSERT INTO `option_info` VALUES ('1673644818049282050', '唯科学主义流派', '1673644744456024066', NULL, 0, NULL);
INSERT INTO `option_info` VALUES ('1673644818057670658', '人本主义流派', '1673644744456024066', NULL, 0, NULL);
INSERT INTO `option_info` VALUES ('1673647314624954370', '唯科学主义流派1', '1673647241132359681', NULL, 0, NULL);
INSERT INTO `option_info` VALUES ('1673647314629148673', '人本主义流派1', '1673647241132359681', NULL, 0, NULL);
INSERT INTO `option_info` VALUES ('1673647322703183873', 'AA1', '1673647241056862209', NULL, 0, NULL);
INSERT INTO `option_info` VALUES ('1673647322711572482', 'BB1', '1673647241056862209', NULL, 0, NULL);
INSERT INTO `option_info` VALUES ('1673647322719961090', 'CC1', '1673647241056862209', NULL, 0, NULL);
INSERT INTO `option_info` VALUES ('1673647322724155394', 'DD1', '1673647241056862209', NULL, 0, NULL);
INSERT INTO `option_info` VALUES ('1673648656454021121', '乌龙茶', '1673648592801263617', NULL, 1, NULL);
INSERT INTO `option_info` VALUES ('1673648656458215425', '红茶', '1673648592801263617', NULL, 0, NULL);
INSERT INTO `option_info` VALUES ('1673648663575949314', '白酒', '1673648492905525250', NULL, 1, NULL);
INSERT INTO `option_info` VALUES ('1673648663592726529', '啤酒', '1673648492905525250', NULL, 0, NULL);
INSERT INTO `option_info` VALUES ('1673648669376671745', '酒水', '1673648368267587585', NULL, 0, '1673648492905525250');
INSERT INTO `option_info` VALUES ('1673648669385060354', '茶', '1673648368267587585', NULL, 0, NULL);
INSERT INTO `option_info` VALUES ('1673648669393448962', '饮料', '1673648368267587585', NULL, 1, '1673648592801263617');
INSERT INTO `option_info` VALUES ('1673649864812109826', '乌龙茶', '1673649783669104642', NULL, 0, NULL);
INSERT INTO `option_info` VALUES ('1673649864820498434', '红茶', '1673649783669104642', NULL, 0, NULL);
INSERT INTO `option_info` VALUES ('1673649870684135425', '白酒', '1673649678819893249', NULL, 0, NULL);
INSERT INTO `option_info` VALUES ('1673649870692524033', '啤酒', '1673649678819893249', NULL, 0, NULL);
INSERT INTO `option_info` VALUES ('1673649877680234497', '酒水', '1673649553636696065', NULL, 0, '1673649678819893249');
INSERT INTO `option_info` VALUES ('1673649877684428801', '茶', '1673649553636696065', NULL, 0, NULL);
INSERT INTO `option_info` VALUES ('1673649877688623105', '饮料', '1673649553636696065', NULL, 0, '1673649783669104642');
INSERT INTO `option_info` VALUES ('1673650836288430082', '乌龙茶', '1673650737923612674', NULL, 0, NULL);
INSERT INTO `option_info` VALUES ('1673650836292624386', '红茶', '1673650737923612674', NULL, 0, NULL);
INSERT INTO `option_info` VALUES ('1673650841980100609', '白酒', '1673650611041722369', NULL, 0, NULL);
INSERT INTO `option_info` VALUES ('1673650841988489217', '啤酒', '1673650611041722369', NULL, 0, NULL);
INSERT INTO `option_info` VALUES ('1673650841996877825', '红酒', '1673650611041722369', NULL, 0, NULL);
INSERT INTO `option_info` VALUES ('1673650852046430210', '酒水', '1673650523531763713', NULL, 0, '1673650611041722369');
INSERT INTO `option_info` VALUES ('1673650852050624514', '茶', '1673650523531763713', NULL, 0, NULL);
INSERT INTO `option_info` VALUES ('1673650852059013121', '饮料', '1673650523531763713', NULL, 0, '1673650737923612674');
INSERT INTO `option_info` VALUES ('1673670549802442753', 'AA', '1673670542445633537', NULL, 1, NULL);
INSERT INTO `option_info` VALUES ('1673670549802442754', 'BB', '1673670542445633537', NULL, 1, NULL);
INSERT INTO `option_info` VALUES ('1673670549802442755', 'CC', '1673670542445633537', NULL, 1, NULL);
INSERT INTO `option_info` VALUES ('1673670549802442756', 'DD', '1673670542445633537', NULL, 3, NULL);
INSERT INTO `option_info` VALUES ('1673670556509134850', '唯科学主义流派', '1673670542491770881', NULL, 4, NULL);
INSERT INTO `option_info` VALUES ('1673670556513329153', '人本主义流派', '1673670542491770881', NULL, 2, NULL);
INSERT INTO `option_info` VALUES ('1673672235128315905', 'AA', '1673672226571935745', NULL, 1, NULL);
INSERT INTO `option_info` VALUES ('1673672235128315906', 'BB', '1673672226571935745', NULL, 1, NULL);
INSERT INTO `option_info` VALUES ('1673672235132510210', 'CC', '1673672226571935745', NULL, 1, NULL);
INSERT INTO `option_info` VALUES ('1673672235132510211', 'DD', '1673672226571935745', NULL, 2, NULL);
INSERT INTO `option_info` VALUES ('1673672243164602369', '唯科学主义流派', '1673672226613878785', NULL, 5, NULL);
INSERT INTO `option_info` VALUES ('1673672243164602370', '人本主义流派', '1673672226613878785', NULL, 2, NULL);
INSERT INTO `option_info` VALUES ('1673672504058699777', 'AA', '1673672490733395970', NULL, 1, NULL);
INSERT INTO `option_info` VALUES ('1673672504058699778', 'BB', '1673672490733395970', NULL, 0, NULL);
INSERT INTO `option_info` VALUES ('1673672504058699779', 'CC', '1673672490733395970', NULL, 0, NULL);
INSERT INTO `option_info` VALUES ('1673672504058699780', 'DD', '1673672490733395970', NULL, 0, NULL);
INSERT INTO `option_info` VALUES ('1673672511046410241', '唯科学主义流派', '1673672490783727617', NULL, 1, NULL);
INSERT INTO `option_info` VALUES ('1673672511050604545', '人本主义流派', '1673672490783727617', NULL, 0, NULL);
INSERT INTO `option_info` VALUES ('1673682321959571458', '积极参与', '1673680985398464514', NULL, 6, NULL);
INSERT INTO `option_info` VALUES ('1673682321959571459', '当观众', '1673680985398464514', NULL, 1, NULL);
INSERT INTO `option_info` VALUES ('1673682321959571460', '看情况', '1673680985398464514', NULL, 1, NULL);
INSERT INTO `option_info` VALUES ('1673682321967960065', '不关心', '1673680985398464514', NULL, 1, NULL);
INSERT INTO `option_info` VALUES ('1673682514331324417', '六', '1673682393879302145', NULL, 7, NULL);
INSERT INTO `option_info` VALUES ('1673682514331324418', '日', '1673682393879302145', NULL, 2, NULL);
INSERT INTO `option_info` VALUES ('1673682904330293249', '积极参与', '1673682813787852801', NULL, 1, NULL);
INSERT INTO `option_info` VALUES ('1673682904334487554', '当观众', '1673682813787852801', NULL, 1, NULL);
INSERT INTO `option_info` VALUES ('1673682904334487555', '看情况', '1673682813787852801', NULL, 1, NULL);
INSERT INTO `option_info` VALUES ('1673682904334487556', '不关心', '1673682813787852801', NULL, 0, NULL);
INSERT INTO `option_info` VALUES ('1673682977734807554', '六', '1673682916191784961', NULL, 2, NULL);
INSERT INTO `option_info` VALUES ('1673682977739001857', '日', '1673682916191784961', NULL, 1, NULL);
INSERT INTO `option_info` VALUES ('1673683269016637441', '积极参与', '1673683170291109890', NULL, 2, NULL);
INSERT INTO `option_info` VALUES ('1673683269016637442', '当观众', '1673683170291109890', NULL, 0, NULL);
INSERT INTO `option_info` VALUES ('1673683269020831746', '看情况', '1673683170291109890', NULL, 0, NULL);
INSERT INTO `option_info` VALUES ('1673683269020831747', '不关心', '1673683170291109890', NULL, 2, NULL);
INSERT INTO `option_info` VALUES ('1673683342551175169', '六', '1673683281716989953', NULL, 1, NULL);
INSERT INTO `option_info` VALUES ('1673683342555369474', '日', '1673683281716989953', NULL, 3, NULL);
INSERT INTO `option_info` VALUES ('1673746700017111042', 's d', '1673746689149669377', NULL, 0, NULL);
INSERT INTO `option_info` VALUES ('1673746737333833730', 's d', '1673746707805933569', NULL, 0, NULL);
INSERT INTO `option_info` VALUES ('1673747329506643970', 'a', '1673747314046439425', NULL, 0, NULL);
INSERT INTO `option_info` VALUES ('1673749886052388865', '123', '1673749870638321665', NULL, 0, NULL);
INSERT INTO `option_info` VALUES ('2', 'B', '1', NULL, 0, NULL);
INSERT INTO `option_info` VALUES ('3', 'C', '1', NULL, 0, NULL);
INSERT INTO `option_info` VALUES ('4', 'D', '1', NULL, 0, NULL);
INSERT INTO `option_info` VALUES ('5', '唯科学主义流派', '2', NULL, 0, NULL);
INSERT INTO `option_info` VALUES ('6', '人本主义流派', '2', NULL, 0, NULL);
COMMIT;

-- ----------------------------
-- Table structure for project_info
-- ----------------------------
DROP TABLE IF EXISTS `project_info`;
CREATE TABLE `project_info` (
                                `id` varchar(50) CHARACTER SET utf8 COLLATE utf8_general_ci NOT NULL COMMENT '项目表主键',
                                `user_id` varchar(50) CHARACTER SET utf8 COLLATE utf8_general_ci DEFAULT NULL COMMENT '用户id（没有用）',
                                `project_name` varchar(100) CHARACTER SET utf8 COLLATE utf8_general_ci DEFAULT NULL COMMENT '项目名称',
                                `project_content` text CHARACTER SET utf8 COLLATE utf8_general_ci COMMENT '项目说明',
                                `created_by` char(32) CHARACTER SET utf8 COLLATE utf8_general_ci DEFAULT NULL COMMENT '创建人',
                                `creation_date` datetime DEFAULT NULL COMMENT '创建时间',
                                `last_updated_by` char(32) CHARACTER SET utf8 COLLATE utf8_general_ci DEFAULT NULL COMMENT '最后修改人',
                                `last_update_date` datetime DEFAULT NULL COMMENT '最后修改时间',
                                PRIMARY KEY (`id`) USING BTREE,
                                KEY `project_info_user_info_id_fk` (`user_id`) USING BTREE,
                                CONSTRAINT `project_info_user_info_id_fk` FOREIGN KEY (`user_id`) REFERENCES `user_info` (`id`) ON DELETE RESTRICT ON UPDATE RESTRICT
) ENGINE=InnoDB DEFAULT CHARSET=utf8mb3 ROW_FORMAT=COMPACT;

-- ----------------------------
-- Records of project_info
-- ----------------------------
BEGIN;
INSERT INTO `project_info` VALUES ('1668226706322665474', '1668209171955138565', '项目1', 'sssss', 'admin', '2023-06-12 20:00:16', 'admin', '2023-06-12 20:00:16');
INSERT INTO `project_info` VALUES ('1669323639506264066', '1668209171955138565', '项目2', '666666', 'admin', '2023-06-15 20:39:05', 'admin', '2023-06-15 20:39:05');
INSERT INTO `project_info` VALUES ('1669324175701893121', '1668209171955138565', '项目3', '888', 'admin', '2023-06-15 20:41:13', 'admin', '2023-06-15 20:41:13');
INSERT INTO `project_info` VALUES ('1673670393405235202', '1671522606004514818', '数据统计项目', '数据统计项目', 'hzh', '2023-06-27 20:31:32', 'hzh', '2023-06-27 20:31:32');
INSERT INTO `project_info` VALUES ('1673680030925869057', '1671522606004514818', '数据统计展示', '数据统计展示', 'hzh', '2023-06-27 21:09:50', 'hzh', '2023-06-27 21:09:50');
INSERT INTO `project_info` VALUES ('1673747207917965314', '1671522606004514818', 's', 's', 'hzh', '2023-06-28 01:36:46', 'hzh', '2023-06-28 01:36:46');
COMMIT;

-- ----------------------------
-- Table structure for question_bank
-- ----------------------------
DROP TABLE IF EXISTS `question_bank`;
CREATE TABLE `question_bank` (
                                 `id` varchar(50) CHARACTER SET utf8mb4 COLLATE utf8mb4_bin NOT NULL,
                                 `name` varchar(255) CHARACTER SET utf8mb4 COLLATE utf8mb4_bin DEFAULT NULL,
                                 `type` varchar(5) CHARACTER SET utf8mb4 COLLATE utf8mb4_bin DEFAULT NULL,
                                 PRIMARY KEY (`id`) USING BTREE
) ENGINE=InnoDB DEFAULT CHARSET=utf8mb4 COLLATE=utf8mb4_bin ROW_FORMAT=DYNAMIC;

-- ----------------------------
-- Records of question_bank
-- ----------------------------
BEGIN;
INSERT INTO `question_bank` VALUES ('1', '模板题目A', '1');
INSERT INTO `question_bank` VALUES ('2', '你是什么哲学流派', '2');
COMMIT;

-- ----------------------------
-- Table structure for question_info
-- ----------------------------
DROP TABLE IF EXISTS `question_info`;
CREATE TABLE `question_info` (
                                 `id` varchar(50) CHARACTER SET utf8mb4 COLLATE utf8mb4_bin NOT NULL COMMENT 'id',
                                 `name` varchar(255) CHARACTER SET utf8mb4 COLLATE utf8mb4_bin DEFAULT NULL,
                                 `content` varchar(255) CHARACTER SET utf8mb4 COLLATE utf8mb4_bin DEFAULT NULL,
                                 `answer_count` int NOT NULL DEFAULT '0',
                                 `type` char(2) CHARACTER SET utf8mb4 COLLATE utf8mb4_bin DEFAULT NULL,
                                 `questionnaire_id` varchar(50) CHARACTER SET utf8mb4 COLLATE utf8mb4_bin NOT NULL,
                                 `is_must` varchar(10) CHARACTER SET utf8mb4 COLLATE utf8mb4_bin NOT NULL DEFAULT 'true',
                                 `is_link` char(2) CHARACTER SET utf8mb4 COLLATE utf8mb4_bin NOT NULL DEFAULT '0',
                                 PRIMARY KEY (`id`) USING BTREE,
                                 KEY `question_info_questionnaire_info_id_fk` (`questionnaire_id`) USING BTREE,
                                 CONSTRAINT `question_info_questionnaire_info_id_fk` FOREIGN KEY (`questionnaire_id`) REFERENCES `questionnaire_info` (`id`) ON DELETE RESTRICT ON UPDATE RESTRICT
) ENGINE=InnoDB DEFAULT CHARSET=utf8mb4 COLLATE=utf8mb4_bin ROW_FORMAT=DYNAMIC COMMENT='问题表';

-- ----------------------------
-- Records of question_info
-- ----------------------------
BEGIN;
INSERT INTO `question_info` VALUES ('1671555548017823745', 'aaa', '', 0, '1', '1671555535514603522', 'true', '0');
INSERT INTO `question_info` VALUES ('1671556305706160129', 'aaa', NULL, 0, '1', '1671556299070771201', 'true', '0');
INSERT INTO `question_info` VALUES ('1672162078542974977', 'bbb', NULL, 0, '1', '1672162070196310018', 'true', '0');
INSERT INTO `question_info` VALUES ('1672162118766350338', 'aaaa', NULL, 0, '2', '1672162070196310018', 'true', '0');
INSERT INTO `question_info` VALUES ('1672276670539579394', '你喜欢什么', NULL, 0, '1', '1672266692852334594', 'true', '0');
INSERT INTO `question_info` VALUES ('1672276830950735874', 'aaa', NULL, 0, '2', '1672266692852334594', 'true', '0');
INSERT INTO `question_info` VALUES ('1672277799839137793', '你喜欢什么', NULL, 0, '2', '1672266692852334594', 'true', '0');
INSERT INTO `question_info` VALUES ('1672450926959382529', NULL, NULL, 0, '2', '1672450823183912961', 'true', '0');
INSERT INTO `question_info` VALUES ('1672451094848983041', '测试', NULL, 0, '1', '1672450823183912961', 'true', '0');
INSERT INTO `question_info` VALUES ('1672451603890688002', NULL, NULL, 0, '2', '1672450823183912961', 'true', '0');
INSERT INTO `question_info` VALUES ('1672451851929137154', NULL, NULL, 0, '1', '1672450823183912961', 'true', '0');
INSERT INTO `question_info` VALUES ('1672868198630776833', '测试', NULL, 4, '1', '1672867599277318146', 'true', '0');
INSERT INTO `question_info` VALUES ('1672868198756605953', '你喜欢什么', NULL, 4, '2', '1672867599277318146', 'true', '0');
INSERT INTO `question_info` VALUES ('1672892176757927938', '测试', NULL, 1, '1', '1672891893176844290', 'true', '0');
INSERT INTO `question_info` VALUES ('1672892176820842498', '你喜欢什么', NULL, 1, '2', '1672891893176844290', 'true', '0');
INSERT INTO `question_info` VALUES ('1672892200392830978', 'ggg', NULL, 1, '1', '1672891893176844290', 'true', '0');
INSERT INTO `question_info` VALUES ('1672932350699151362', NULL, NULL, 0, '1', '1672932283418320897', 'true', '1');
INSERT INTO `question_info` VALUES ('1672933494305525761', NULL, NULL, 0, '1', '1672932283418320897', 'true', '1');
INSERT INTO `question_info` VALUES ('1672933669178642434', NULL, NULL, 0, '1', '1672932283418320897', 'true', '0');
INSERT INTO `question_info` VALUES ('1672934544731193346', 'ccc', NULL, 0, '1', '1672932283418320897', 'true', '0');
INSERT INTO `question_info` VALUES ('1672934615375855617', 'gggg', NULL, 0, '1', '1672932283418320897', 'true', '1');
INSERT INTO `question_info` VALUES ('1672960723039162369', 'what', NULL, 1, '1', '1672960714164015106', 'true', '0');
INSERT INTO `question_info` VALUES ('1672960770376077313', 'hhhh', NULL, 1, '1', '1672960714164015106', 'true', '1');
INSERT INTO `question_info` VALUES ('1673151883548528641', NULL, NULL, 0, '2', '1673151870223224834', 'true', '0');
INSERT INTO `question_info` VALUES ('1673592272458907649', '55', NULL, 0, '2', '1673592160978501634', 'true', '0');
INSERT INTO `question_info` VALUES ('1673592335432187906', '填空', NULL, 0, '3', '1673592160978501634', 'true', '0');
INSERT INTO `question_info` VALUES ('1673592402603966466', '问题', NULL, 0, '4', '1673592160978501634', 'true', '0');
INSERT INTO `question_info` VALUES ('1673592506694008833', '问题', NULL, 0, '5', '1673592160978501634', 'true', '0');
INSERT INTO `question_info` VALUES ('1673594890929340418', '123', NULL, 0, '1', '1673594884495278081', 'true', '0');
INSERT INTO `question_info` VALUES ('1673598987401199618', '问题1', NULL, 1, '1', '1673598982565167105', 'true', '0');
INSERT INTO `question_info` VALUES ('1673599039087607810', '问题2', NULL, 1, '2', '1673598982565167105', 'true', '0');
INSERT INTO `question_info` VALUES ('1673599127167991809', '天空', NULL, 0, '3', '1673598982565167105', 'true', '0');
INSERT INTO `question_info` VALUES ('1673599860097449986', '111', NULL, 7, '1', '1673599854774878209', 'true', '0');
INSERT INTO `question_info` VALUES ('1673599888090234881', '45', NULL, 7, '2', '1673599854774878209', 'true', '0');
INSERT INTO `question_info` VALUES ('1673599931375452162', '78', NULL, 0, '3', '1673599854774878209', 'true', '0');
INSERT INTO `question_info` VALUES ('1673600133322801154', '问题', NULL, 0, '4', '1673599854774878209', 'true', '0');
INSERT INTO `question_info` VALUES ('1673600219792572417', '问题', NULL, 0, '5', '1673599854774878209', 'true', '0');
INSERT INTO `question_info` VALUES ('1673630947699970049', '测试', NULL, 5, '1', '1673630912845303809', 'true', '0');
INSERT INTO `question_info` VALUES ('1673630947762884610', '你是什么哲学流派', NULL, 5, '2', '1673630912845303809', 'true', '0');
INSERT INTO `question_info` VALUES ('1673638096819720193', '测试', NULL, 1, '1', '1673638072580837377', 'true', '0');
INSERT INTO `question_info` VALUES ('1673638096882634754', '你是什么哲学流派', NULL, 1, '2', '1673638072580837377', 'true', '0');
INSERT INTO `question_info` VALUES ('1673644744384720898', '模板题目A', NULL, 0, '1', '1673644379715153921', 'true', '0');
INSERT INTO `question_info` VALUES ('1673644744456024066', '你是什么哲学流派', NULL, 0, '2', '1673644379715153921', 'true', '0');
INSERT INTO `question_info` VALUES ('1673647241056862209', '模板题目A1', NULL, 0, '1', '1673647149256130561', 'true', '0');
INSERT INTO `question_info` VALUES ('1673647241132359681', '你是什么哲学流派1', NULL, 0, '2', '1673647149256130561', 'true', '0');
INSERT INTO `question_info` VALUES ('1673648368267587585', '请选择您喜欢的饮品', NULL, 1, '1', '1673648287892140033', 'true', '0');
INSERT INTO `question_info` VALUES ('1673648492905525250', '请选择您喜欢的酒水', NULL, 1, '1', '1673648287892140033', 'true', '1');
INSERT INTO `question_info` VALUES ('1673648592801263617', '请选择您常喝的茶水', NULL, 1, '1', '1673648287892140033', 'true', '1');
INSERT INTO `question_info` VALUES ('1673649553636696065', '请选择您喜欢的饮品', NULL, 0, '1', '1673649518257741825', 'true', '0');
INSERT INTO `question_info` VALUES ('1673649678819893249', '请选择您喜欢的酒水', NULL, 0, '1', '1673649518257741825', 'true', '1');
INSERT INTO `question_info` VALUES ('1673649783669104642', '请选择您常喝的茶水', NULL, 0, '1', '1673649518257741825', 'true', '1');
INSERT INTO `question_info` VALUES ('1673650523531763713', '请选择您喜欢的饮品', NULL, 0, '1', '1673650490149298178', 'true', '0');
INSERT INTO `question_info` VALUES ('1673650611041722369', '请选择您喜欢的酒水', NULL, 0, '1', '1673650490149298178', 'true', '1');
INSERT INTO `question_info` VALUES ('1673650737923612674', '请选择您常喝的茶水', NULL, 0, '1', '1673650490149298178', 'true', '1');
INSERT INTO `question_info` VALUES ('1673670542445633537', '模板题目A', NULL, 6, '1', '1673670511667830786', 'true', '0');
INSERT INTO `question_info` VALUES ('1673670542491770881', '你是什么哲学流派', NULL, 6, '2', '1673670511667830786', 'true', '0');
INSERT INTO `question_info` VALUES ('1673672226571935745', '模板题目A', NULL, 5, '1', '1673672198822420482', 'true', '0');
INSERT INTO `question_info` VALUES ('1673672226613878785', '你是什么哲学流派', NULL, 5, '2', '1673672198822420482', 'true', '0');
INSERT INTO `question_info` VALUES ('1673672490733395970', '模板题目A', NULL, 1, '1', '1673672468881072129', 'true', '0');
INSERT INTO `question_info` VALUES ('1673672490783727617', '你是什么哲学流派', NULL, 1, '2', '1673672468881072129', 'true', '0');
INSERT INTO `question_info` VALUES ('1673680985398464514', '您对于以家庭为单位的竞赛活动的看法', NULL, 9, '1', '1673680743663947777', 'true', '0');
INSERT INTO `question_info` VALUES ('1673682393879302145', '您更希望活动在周（）举行', NULL, 9, '1', '1673680743663947777', 'true', '0');
INSERT INTO `question_info` VALUES ('1673682813787852801', '您对于以家庭为单位的竞赛活动的看法', NULL, 3, '1', '1673682807580282881', 'true', '0');
INSERT INTO `question_info` VALUES ('1673682916191784961', '您更希望活动在周（）举行', NULL, 3, '1', '1673682807580282881', 'true', '0');
INSERT INTO `question_info` VALUES ('1673683170291109890', '您对于以家庭为单位的竞赛活动的看法', NULL, 4, '1', '1673683164297449473', 'true', '0');
INSERT INTO `question_info` VALUES ('1673683281716989953', '您更希望活动在周（）举行', NULL, 4, '1', '1673683164297449473', 'true', '0');
INSERT INTO `question_info` VALUES ('1673746689149669377', 's d', NULL, 0, '1', '1673746679787982849', 'true', '0');
INSERT INTO `question_info` VALUES ('1673746707805933569', 'd f', NULL, 0, '2', '1673746679787982849', 'true', '0');
INSERT INTO `question_info` VALUES ('1673747314046439425', 'a', NULL, 0, '1', '1673747262896902146', 'true', '0');
INSERT INTO `question_info` VALUES ('1673749870638321665', '123', NULL, 0, '1', '1673749853668167681', 'true', '0');
COMMIT;

-- ----------------------------
-- Table structure for questionnaire_info
-- ----------------------------
DROP TABLE IF EXISTS `questionnaire_info`;
CREATE TABLE `questionnaire_info` (
                                      `id` varchar(50) CHARACTER SET utf8mb4 COLLATE utf8mb4_bin NOT NULL COMMENT 'id',
                                      `name` varchar(255) CHARACTER SET utf8mb4 COLLATE utf8mb4_bin DEFAULT NULL COMMENT 'name',
                                      `comment` varchar(255) CHARACTER SET utf8mb4 COLLATE utf8mb4_bin DEFAULT NULL,
                                      `created_by` varchar(255) CHARACTER SET utf8mb4 COLLATE utf8mb4_bin DEFAULT NULL,
                                      `creation_date` datetime DEFAULT NULL,
                                      `last_updated_by` varchar(255) CHARACTER SET utf8mb4 COLLATE utf8mb4_bin DEFAULT NULL,
                                      `last_update_date` datetime DEFAULT NULL,
                                      `status` char(2) CHARACTER SET utf8mb4 COLLATE utf8mb4_bin DEFAULT '0',
                                      `survey_object` varchar(50) CHARACTER SET utf8mb4 COLLATE utf8mb4_bin DEFAULT NULL,
                                      `project_id` varchar(50) CHARACTER SET utf8mb4 COLLATE utf8mb4_bin NOT NULL COMMENT '项目外键',
                                      `start_time` datetime DEFAULT NULL,
                                      `stop_time` datetime DEFAULT NULL,
                                      `is_delete` char(1) CHARACTER SET utf8mb4 COLLATE utf8mb4_bin NOT NULL DEFAULT '0' COMMENT '是否删除',
                                      PRIMARY KEY (`id`) USING BTREE
) ENGINE=InnoDB DEFAULT CHARSET=utf8mb4 COLLATE=utf8mb4_bin ROW_FORMAT=DYNAMIC COMMENT='问卷';

-- ----------------------------
-- Records of questionnaire_info
-- ----------------------------
BEGIN;
INSERT INTO `questionnaire_info` VALUES ('1671002420528758785', NULL, NULL, 'admin', '2023-06-20 11:49:57', 'admin', '2023-06-20 11:49:57', '0', '老师', '283dcf241cf245aea824dc10bbb3d680', NULL, NULL, '0');
INSERT INTO `questionnaire_info` VALUES ('1671066945386909697', 'QNR1', NULL, 'VIP', '2023-06-20 16:06:21', 'admin', '2023-06-20 16:06:21', '0', '老师', '1669324175701893121', '2023-06-27 08:00:00', NULL, '0');
INSERT INTO `questionnaire_info` VALUES ('1671067341866049537', 'QNR2', 'eqeqwew', 'admin', '2023-06-20 16:07:56', 'admin', '2023-06-20 16:07:56', '0', '老师', '1669324175701893121', '2023-06-27 08:00:00', NULL, '0');
INSERT INTO `questionnaire_info` VALUES ('1671071310596235265', 'QNR3', 'hhhhhhhhhhhhh', 'VIP', '2023-06-20 16:23:42', 'admin', '2023-06-20 16:23:42', '0', '学生', '1668226706322665474', '2023-06-20 08:00:00', NULL, '0');
INSERT INTO `questionnaire_info` VALUES ('1671072134189723650', 'QNR4', 'sadsaadsa', 'admin', '2023-06-20 16:26:58', 'admin', '2023-06-20 19:57:11', '0', '学生', '1669323639506264066', '2023-06-20 19:55:51', '2023-06-20 19:57:11', '0');
INSERT INTO `questionnaire_info` VALUES ('1671077318685024258', 'QNR5', 'sadsaadsa', 'VIP', '2023-06-20 16:47:35', 'admin', '2023-06-20 19:57:17', '0', '学生', '1669323639506264066', '2023-06-20 19:57:14', '2023-06-20 19:57:17', '0');
INSERT INTO `questionnaire_info` VALUES ('1671077911977713666', 'QNR6', '7567567567', 'admin', '2023-06-20 16:49:56', 'admin', '2023-06-25 16:56:20', '0', '学生', '1668226706322665474', '2023-06-25 16:56:12', '2023-06-25 16:56:20', '1');
INSERT INTO `questionnaire_info` VALUES ('1671080026674524161', 'QNR7', '问卷说明', 'admin', '2023-06-20 16:58:20', 'admin', '2023-06-20 16:58:25', '0', '学生', '1669324175701893121', '2023-06-21 08:00:00', NULL, '0');
INSERT INTO `questionnaire_info` VALUES ('1671546889917345793', 'QNR8', 'dsadsadsadasd', 'VIP', '2023-06-21 23:53:29', 'admin', '2023-06-21 23:53:29', '0', '学生', '283dcf241cf245aea824dc10bbb3d680', '2023-06-21 08:00:00', NULL, '0');
INSERT INTO `questionnaire_info` VALUES ('1671549694870728705', 'QNR9', '79456', 'admin', '2023-06-22 00:04:38', 'admin', '2023-06-22 00:04:38', '0', '学生', '1669324175701893121', '2023-06-22 08:00:00', NULL, '0');
INSERT INTO `questionnaire_info` VALUES ('1671550937630461953', 'QNR10', 'sadddddddsa', 'VIP', '2023-06-22 00:09:34', 'admin', '2023-06-22 00:09:34', '0', '学生', '283dcf241cf245aea824dc10bbb3d680', '2023-06-22 08:00:00', NULL, '0');
INSERT INTO `questionnaire_info` VALUES ('1671552586025492482', 'qnr1', 'sadddddddddddd', 'admin', '2023-06-22 00:16:07', 'admin', '2023-06-22 00:16:07', '0', '学生', '1668226706322665474', '2023-06-22 08:00:00', NULL, '0');
INSERT INTO `questionnaire_info` VALUES ('1671553331441393666', 'qnr2', 'sadasdasds', 'VIP', '2023-06-22 00:19:05', 'admin', '2023-06-22 00:19:05', '0', '学生', '1668226706322665474', '2023-06-22 08:00:00', NULL, '0');
INSERT INTO `questionnaire_info` VALUES ('1671555535514603522', 'qnr3', 'sdada', 'admin', '2023-06-22 00:27:50', 'admin', '2023-06-22 00:27:50', '0', '学生', '283dcf241cf245aea824dc10bbb3d680', '2023-06-22 08:00:00', NULL, '0');
INSERT INTO `questionnaire_info` VALUES ('1671556299070771201', 'qnr4', 'sadasdad', 'admin', '2023-06-22 00:30:52', 'admin', '2023-06-22 00:30:52', '0', '学生', '283dcf241cf245aea824dc10bbb3d680', '2023-06-22 08:00:00', NULL, '0');
INSERT INTO `questionnaire_info` VALUES ('1672162070196310018', 'qnr5', 'sbsbsbsbs', 'VIP', '2023-06-23 16:37:59', 'admin', '2023-06-25 15:24:11', '0', '学生', '1668226706322665474', '2023-06-23 16:38:31', '2023-06-25 15:24:11', '0');
INSERT INTO `questionnaire_info` VALUES ('1672249544750895106', 'qnr6', '79456', 'admin', '2023-06-23 22:25:35', 'admin', '2023-06-23 22:25:35', '0', '学生', '1668226706322665474', '2023-06-23 08:00:00', NULL, '0');
INSERT INTO `questionnaire_info` VALUES ('1672253656276066306', 'qnr7', 'sfdsfdsfsdf', 'admin', '2023-06-23 22:41:55', 'admin', '2023-06-23 22:41:55', '0', '学生', '1669323639506264066', '2023-06-23 08:00:00', NULL, '0');
INSERT INTO `questionnaire_info` VALUES ('1672266692852334594', 'qnr8', 'dasdasdasd', 'VIP', '2023-06-23 23:33:43', 'admin', '2023-06-23 23:33:43', '0', '学生', '1668226706322665474', '2023-06-23 08:00:00', NULL, '0');
INSERT INTO `questionnaire_info` VALUES ('1672450031395733505', 'qnr9', 'sadsasda', 'admin', '2023-06-24 11:42:15', 'admin', '2023-06-24 11:42:15', '0', '学生', '1668226706322665474', '2023-06-24 08:00:00', NULL, '0');
INSERT INTO `questionnaire_info` VALUES ('1672450823183912961', 'qnr10', 'sadsasdadfsdsfdfsd', 'VIP', '2023-06-24 11:45:24', 'admin', '2023-06-24 11:45:24', '0', '学生', '1668226706322665474', '2023-06-24 08:00:00', NULL, '1');
INSERT INTO `questionnaire_info` VALUES ('1672867599277318146', 'qnr11', 'abcd', 'admin', '2023-06-25 15:21:31', 'admin', '2023-06-25 15:24:07', '1', '学生', '1668226706322665474', '2023-06-25 15:24:07', NULL, '0');
INSERT INTO `questionnaire_info` VALUES ('1672890960988585986', 'qnr12', 'wwwwwwww', 'admin', '2023-06-25 16:54:21', 'admin', '2023-06-25 16:54:21', '0', '学生', '1668226706322665474', '2023-06-25 08:00:00', NULL, '1');
INSERT INTO `questionnaire_info` VALUES ('1672891893176844290', 'qnr13', 'aaaaaaaa', 'VIP', '2023-06-25 16:58:03', 'admin', '2023-06-25 16:59:42', '1', '学生', '1668226706322665474', '2023-06-25 16:59:42', NULL, '0');
INSERT INTO `questionnaire_info` VALUES ('1672898169017401345', 'qnr14', 'po', 'admin', '2023-06-25 17:22:59', 'admin', '2023-06-25 17:22:59', '0', '学生', '1668226706322665474', '2023-06-25 08:00:00', NULL, '1');
INSERT INTO `questionnaire_info` VALUES ('1672899174933135361', 'qnr15', 'po', 'VIP', '2023-06-25 17:26:59', 'admin', '2023-06-25 17:26:59', '0', '学生', '1668226706322665474', '2023-06-25 08:00:00', NULL, '0');
INSERT INTO `questionnaire_info` VALUES ('1672932283418320897', 'qnr16', '6666666666', 'admin', '2023-06-25 19:38:33', 'admin', '2023-06-25 20:05:44', '1', '学生', '1668226706322665474', '2023-06-25 20:05:44', NULL, '0');
INSERT INTO `questionnaire_info` VALUES ('1672960714164015106', 'qnr17', 'hty', 'admin', '2023-06-25 21:31:31', 'admin', '2023-06-25 21:32:57', '1', '学生', '1668226706322665474', '2023-06-25 21:32:57', NULL, '0');
INSERT INTO `questionnaire_info` VALUES ('1673151870223224834', 'qnr18', '666666', 'VIP', '2023-06-26 10:11:06', 'admin', '2023-06-26 10:11:06', '0', '学生', '1669323639506264066', '2023-06-26 08:00:00', NULL, '0');
INSERT INTO `questionnaire_info` VALUES ('1673592160978501634', 'qnr19', '说明1', 'VIP', '2023-06-27 15:20:40', NULL, '2023-06-27 15:20:40', '0', '学生', '1668226706322665474', '2023-06-27 08:00:00', NULL, '1');
INSERT INTO `questionnaire_info` VALUES ('1673594884495278081', 's', 's', 'VIP', '2023-06-27 15:31:29', NULL, '2023-06-27 15:31:29', '0', '学生', '1668226706322665474', '2023-06-25 08:00:00', NULL, '0');
INSERT INTO `questionnaire_info` VALUES ('1673598982565167105', '预览问卷', '预览问卷', 'VIP', '2023-06-27 15:47:46', NULL, '2023-06-27 16:51:20', '1', '学生', '1668226706322665474', '2023-06-27 16:51:20', '2023-06-27 16:51:16', '0');
INSERT INTO `questionnaire_info` VALUES ('1673599854774878209', '1', '1', 'VIP', '2023-06-27 15:51:14', NULL, '2023-06-27 17:04:41', '1', '学生', '1668226706322665474', '2023-06-27 17:04:41', '2023-06-27 16:36:33', '0');
INSERT INTO `questionnaire_info` VALUES ('1673630912845303809', '实训1', '实训1', NULL, '2023-06-27 17:54:39', NULL, '2023-06-27 17:55:32', '1', '学生', '1669323639506264066', '2023-06-27 17:55:32', NULL, '0');
INSERT INTO `questionnaire_info` VALUES ('1673638072580837377', '实训2', '实训2', NULL, '2023-06-27 18:23:06', NULL, '2023-06-27 18:23:55', '1', '老师', '1668226706322665474', '2023-06-27 18:23:55', NULL, '0');
INSERT INTO `questionnaire_info` VALUES ('1673644379715153921', '1', '1', NULL, '2023-06-27 18:48:10', NULL, '2023-06-27 18:48:10', '0', '学生', '1669324175701893121', '2023-06-30 08:00:00', NULL, '0');
INSERT INTO `questionnaire_info` VALUES ('1673647149256130561', '34', '34', NULL, '2023-06-27 18:59:10', NULL, '2023-06-27 18:59:10', '0', '学生', '1669324175701893121', '2023-06-27 08:00:00', NULL, '0');
INSERT INTO `questionnaire_info` VALUES ('1673648287892140033', '88', '88', NULL, '2023-06-27 19:03:41', NULL, '2023-06-27 19:05:48', '1', '学生', '1668226706322665474', '2023-06-27 19:05:48', NULL, '0');
INSERT INTO `questionnaire_info` VALUES ('1673649518257741825', '90', '90', NULL, '2023-06-27 19:08:35', NULL, '2023-06-27 19:10:12', '1', '学生', '1669323639506264066', '2023-06-27 19:10:12', NULL, '0');
INSERT INTO `questionnaire_info` VALUES ('1673650490149298178', 'eg', 'eg', NULL, '2023-06-27 19:12:26', NULL, '2023-06-27 19:14:04', '1', '老师', '1669323639506264066', '2023-06-27 19:14:04', NULL, '0');
INSERT INTO `questionnaire_info` VALUES ('1673670511667830786', '调查1', '调查1', NULL, '2023-06-27 20:32:00', NULL, '2023-06-27 20:40:42', '1', '学生', '1673670393405235202', '2023-06-27 20:40:42', '2023-06-27 20:40:38', '0');
INSERT INTO `questionnaire_info` VALUES ('1673672198822420482', '调查2', '调查2', NULL, '2023-06-27 20:38:42', NULL, '2023-06-27 20:53:10', '1', '老师', '1673670393405235202', '2023-06-27 20:53:10', NULL, '0');
INSERT INTO `questionnaire_info` VALUES ('1673672468881072129', '调查3', '调查3', NULL, '2023-06-27 20:39:47', NULL, '2023-06-27 21:01:51', '1', '老师', '1673670393405235202', '2023-06-27 21:01:51', NULL, '0');
INSERT INTO `questionnaire_info` VALUES ('1673680743663947777', '第1个问卷', '第1个问卷', NULL, '2023-06-27 21:12:39', NULL, '2023-06-27 21:26:27', '1', '老师', '1673680030925869057', '2023-06-27 21:26:27', NULL, '0');
INSERT INTO `questionnaire_info` VALUES ('1673682807580282881', '第2个问卷 	', '第2个问卷 	', NULL, '2023-06-27 21:20:52', NULL, '2023-06-27 21:26:45', '1', '老师', '1673680030925869057', '2023-06-27 21:26:45', NULL, '0');
INSERT INTO `questionnaire_info` VALUES ('1673683164297449473', '第3个问卷', '第3个问卷', NULL, '2023-06-27 21:22:17', NULL, '2023-06-27 21:26:46', '1', '学生', '1673680030925869057', '2023-06-27 21:26:46', NULL, '0');
INSERT INTO `questionnaire_info` VALUES ('1673746679787982849', 's d', 's d', NULL, '2023-06-28 01:34:40', NULL, '2023-06-28 01:34:40', '0', '老师', '0', '2023-05-29 08:00:00', NULL, '0');
INSERT INTO `questionnaire_info` VALUES ('1673747079656148994', 'sageraeg', 's', NULL, '2023-06-28 01:36:15', NULL, '2023-06-28 01:36:15', '0', '老师', '0', NULL, NULL, '0');
INSERT INTO `questionnaire_info` VALUES ('1673747262896902146', 's', 's', NULL, '2023-06-28 01:36:59', NULL, '2023-06-28 01:36:59', '0', '老师', '1669324175701893121', '2023-06-05 08:00:00', NULL, '0');
INSERT INTO `questionnaire_info` VALUES ('1673747717509124097', '1', 'df', NULL, '2023-06-28 01:38:47', NULL, '2023-06-28 01:38:47', '0', '老师', '0', '2023-06-06 08:00:00', NULL, '0');
INSERT INTO `questionnaire_info` VALUES ('1673747837420081153', 'd', 'd', NULL, '2023-06-28 01:39:16', NULL, '2023-06-28 01:39:16', '0', '老师', '0', '2023-06-01 08:00:00', NULL, '0');
INSERT INTO `questionnaire_info` VALUES ('1673749853668167681', '123123', '123123', NULL, '2023-06-28 01:47:17', NULL, '2023-06-28 01:47:17', '0', '学生', '1669324175701893121', '2023-06-20 08:00:00', NULL, '0');
COMMIT;

-- ----------------------------
-- Table structure for user_info
-- ----------------------------
DROP TABLE IF EXISTS `user_info`;
CREATE TABLE `user_info` (
                             `id` varchar(50) CHARACTER SET utf8 COLLATE utf8_general_ci NOT NULL COMMENT '用户表主键',
                             `username` varchar(10) CHARACTER SET utf8 COLLATE utf8_general_ci DEFAULT NULL COMMENT '用户名',
                             `password` varchar(10) CHARACTER SET utf8 COLLATE utf8_general_ci DEFAULT NULL COMMENT '密码',
                             `start_time` datetime DEFAULT NULL COMMENT '开始时间',
                             `stop_time` datetime DEFAULT NULL COMMENT '截止时间（时间戳）',
                             `status` varchar(2) CHARACTER SET utf8 COLLATE utf8_general_ci DEFAULT NULL COMMENT '是否启用（1启用，0不启用）',
                             `created_by` char(32) CHARACTER SET utf8 COLLATE utf8_general_ci DEFAULT NULL COMMENT '创建人',
                             `creation_date` datetime DEFAULT NULL COMMENT '创建时间',
                             `last_updated_by` char(32) CHARACTER SET utf8 COLLATE utf8_general_ci DEFAULT NULL COMMENT '最后修改人',
                             `last_update_date` datetime DEFAULT NULL COMMENT '最后修改时间',
                             PRIMARY KEY (`id`) USING BTREE
) ENGINE=InnoDB DEFAULT CHARSET=utf8mb3 ROW_FORMAT=COMPACT;

-- ----------------------------
-- Records of user_info
-- ----------------------------
BEGIN;
INSERT INTO `user_info` VALUES ('1665690267177410562', 'wms', 'wms', '2023-06-22 19:06:58', '2023-06-12 17:06:58', '1', 'admin', '2023-06-05 20:01:21', 'admin', '2023-06-12 18:49:08');
INSERT INTO `user_info` VALUES ('1668209171955138561', 'lzl', 'lzl', '2023-06-27 18:06:21', '2023-06-26 18:06:21', '1', 'admin', '2023-06-12 18:50:35', 'admin', '2023-06-12 18:50:35');
INSERT INTO `user_info` VALUES ('1668209171955138565', 'tx', 'tx', '2023-06-27 18:06:21', '2023-06-12 17:06:58', '1', 'admin', '2023-06-12 18:50:35', 'admin', '2023-06-12 18:50:35');
INSERT INTO `user_info` VALUES ('1671522606004514818', 'hzh', 'hzh', '2023-06-27 18:06:21', '2023-06-12 17:06:58', '1', 'admin', '2023-06-21 22:16:59', 'admin', '2023-06-21 22:16:59');
INSERT INTO `user_info` VALUES ('1671524555462500354', 'zwl', 'zwl', '2023-06-27 18:06:21', '2023-06-12 17:06:58', '1', 'admin', '2023-06-21 22:24:44', 'admin', '2023-06-21 22:24:44');
INSERT INTO `user_info` VALUES ('1673683703181627393', 'a', 'a', '2023-06-22 18:06:09', '2023-06-02 21:06:09', '1', 'lzl', '2023-06-27 21:24:25', 'lzl', '2023-06-27 21:24:25');
INSERT INTO `user_info` VALUES ('1673683782818877442', 'b', 'b', '2023-06-12 12:06:27', '2023-06-28 22:06:27', '1', 'lzl', '2023-06-27 21:24:44', 'lzl', '2023-06-27 21:24:44');
INSERT INTO `user_info` VALUES ('1673683831376334849', 'c', 'c', '2023-06-21 21:06:45', '2023-06-29 18:06:45', '1', 'lzl', '2023-06-27 21:24:56', 'lzl', '2023-06-27 21:24:56');
INSERT INTO `user_info` VALUES ('1673683893171015682', 'd', 'd', '2023-06-07 09:06:57', '2023-06-15 14:06:57', '1', 'lzl', '2023-06-27 21:25:10', 'lzl', '2023-06-27 21:25:10');
INSERT INTO `user_info` VALUES ('1673683963182338050', 'e', 'e', '2023-06-14 21:06:11', '2023-06-22 18:06:11', '1', 'lzl', '2023-06-27 21:25:27', 'lzl', '2023-06-27 21:25:27');
INSERT INTO `user_info` VALUES ('1673684012947755009', 'f', 'f', '2023-06-07 09:06:29', '2023-06-30 23:06:29', '1', 'lzl', '2023-06-27 21:25:39', 'lzl', '2023-06-27 21:25:39');
INSERT INTO `user_info` VALUES ('1673684059504529409', 'g', 'g', '2023-06-22 18:06:41', '2023-06-22 14:06:41', '1', 'lzl', '2023-06-27 21:25:50', 'lzl', '2023-06-27 21:25:50');
INSERT INTO `user_info` VALUES ('1673684157026291714', 'f', 'f', '2023-06-14 21:06:02', '2023-06-15 14:06:02', '1', 'lzl', '2023-06-27 21:26:13', 'lzl', '2023-06-27 21:26:13');
COMMIT;

SET FOREIGN_KEY_CHECKS = 1;
